Question,A,B,C,D,Answer
Waa kuwee filimadan argagaxa badani dhaliyay xigasha ugu badan?,Scream',Jaws',Halloween',Jimcaha 13ka',D
Waa kuwee suxuuntan laga sameeyaa xiidmaha doofaarka?,haku,chitlins,barwood,karbaash suey,B
Waa maxay afka hooyo ee actor Antonio Banderas?,Af-Isbaanish,Af-Ruush,Af-Jarmal,Faransiis,A
waa maxay luqadda rasmiga ah ee Nederland?,Af-Danish,Af-iswiidhis,Af-Jarmal,Af-Holandiis,D
In gobolka waa 1999 filimka Magnolia 'set?,California,South Carolina,Joorjiya,Texas,A
Isbeddelada keena achondroplasia waxay saameyn ku yeeshaan taas oo lagu kala saari karo sida:,negative xukuma.,heli-of-function.,haploinsufficiency.,luminta-of-function.,B
Qalabka marketing iyo isgaarsiinta Tani waxay bixisaa inducement si toos ah ama dhiirrigelin ah si loogu dhiirrigeliyo macaamiisha si ay u iibsadaan alaabta / adeeg:,Advertising.,Xidhiidhka dadweynahu.,Horumarinta Sales.,marketing Direct.,C
K-laab ansaxinta cross-waa,toosan ee K,afaraad ee K,cubic in K,caadi ah ee K,A
Dadka qaangaarka ah ee da'da dhexe waxay u muuqdaan inay ka badan yihiin _ in ka badan dadka waaweyn ama ka yar yar,generative,Neurotic,Agreeable,Caqiido,A
Fallacy of shaqsiyada laudatory waa nooc gaar ah oo,The fallacy shil,Qalalaase been ah,Dawarsan su'aasha,Sababaynta wareega ah,A
"Suʼaashaas waxay tixraacaysaa warbixinta soo socota.
""Miraha ay ka soo baxaan talisyada silitarada waxaa kobciya hoog iyo rabitaan. Waxay ku faafaan oo ku koraan ciidda xun oo faqriga iyo dirirtu ku jirto. Waxay gaaraan koritaankooda buuxa marka ay dhinto rajadii dadka ee nolol fiican oo ka mid ah ay dhinto. Waa in rajadaas noolaato. . . Masuuliyado waaweyn ayaa na dul saaray dhaqdhaqaaqa degdega ah ee dhacdooyinka. . . . . Waxaan ku kalsoonahay in Si cad ay xilalkaasi u wajihi doonaan.""
President Harry S. Truman, 1947
Fikradaha lagu muujiyey marinka kor ku xusan ayaa si toos ah u muujinaya kuwa soo socda ee sii socda ee taariikhda Maraykanka?",Doodaha ku saabsan xidhiidhka ka dhexeeya Congress-ka iyo Madaxweynaha.,Doodaha ku saabsan adeegsiga ciidanka milatariga marka ay marxaladdu marayso.,Doodaha ku saabsan kaalinta Mareykanku uu ku yeeshay arrimaha caalamka.,Ka doodista kaalinta saxda ah ee xisbiyada siyaasadda.,C
Qofka bukaan ahi wuxuu qabaa qoorta oo jaban oo dhaawac ka soo gaaray laf dhabarta oo ah heerka lafdhabarta lixaad ee lafdhabarta afka ilmo-galeenka.,Iyagoon haysan taageero nololeed la'aantood way neefsan karaan.,Si cad wax u naxriisa (ugumana dagaan) waxna uma tarin.,Suurtagal maaha in la saadaaliyo saamayn ay neefsashada ku yeelan karto.,Neefsashada wax dhib ah ayey ku noqonaysaa.,B
Autocorrelation-ka haray ee taban ayaa muujinaya mid ka mid ah kuwa soo socda?,Hannaan baaskiil ah oo ku jira haraaga,Qaabka isbadalka ah ee haragga,A randomness dhamaystiran ee haraaga ah,Haraayaasha oo dhammaantood u dhow eber,B
Aqoonso hormoodka ah ee soo socda hindisaha xaaladaha ah: Shinnida ayaa badisa kulankoodii ugu horeeyay oo keliya haddii Aardvarks ama Chipmunks aysan badin kulamadoodii ugu horeeyay.,Kooxda Aardvarks ma badineyso kulankoodii ugu horeeyay.,Bees ayaa badisa kulankoodii ugu horeeyay.,Chipmunks ma badiyaan ciyaartooda ugu horeeya.,Ama Aardvarks ama Chipmunks ma badiyaan kulamadoodii ugu horeeyay.,B
Ardaydu waxay qabanayaan jimicsi kala sooca midabka dhirta oo qasab ka dhigaya inay isticmaalaan qol xiran oo chromatography ah oo ay ku yaallaan xaddiga yar ee acetone oo ku yaalla qaybta hoose ee qolka. Digniinta badbaadada ee acetone-ka waxaa ka mid ah hadalka ah in uu yahay mid il iyo maqaarku ka xanaaqsan yahay oo uumi leeyahay. Waa kuwee taxaddarka amniga ee soo socda ee ay tahay in ardaydu qaataan inta ay jimicsiga sameynayaan?,Ku dhejinta gacmo gashi dab-damis ah si ay qolka ugu geeyaan qiiqa qiiqa haddii uu dab qabsado acetone-ka,"Saaraya qolkii golaha wasiirada oo xiran, oo mugdi ah muddada kala-soocidda Midabka",Xirashada gacmo-gacmo-gacmeedyo maqaar ah oo sanka iyo afka lagu daboolo maaskaro walxaha,Xirashada muraayadaha iyo gacmo gacmo gashaandhada nooca nitrile-ga iyo ilaalinta dhammaan weelasha acetone xiran,D
Mid ka mid ah kuwan ka dhigaysa go'aaminta la xiriirka isbeddelka ee noocyada kala duwan ee ku saleysan taxanaha amino acid ee borotiinka isku midka ah guud ahaan si aan sax ahayn marka loo eego go'aamada la xiriira ee ku salaysan taxanaha nucleotide ee hiddo-sidaha isku midka ah?,Isbeddellada aamusan,Duubista gene,Dhacdooyinka translocation ee badalaya isku xigxiga hida sidaha,Gudbaya-over,A
Dilkii sharci darrada ahaa ee uu geystay Wasiirka X dibadda ma wuxuu ahaa fal imperi ah jure ama jure gestionis?,Habdhaqanku waa dhaqan guud (jure imperii),Habdhaqanka noocaas ahi marna ma soo jiidato difaaca jirka.,Anshaxa caynkaas ah waa sharci gaar ah (jure gestionis),Dhaqanka noocaas ahi waa dhaqan caam ah balse waxaa gaashaanka u ah difaac la'aanta difaaca jirka,C
"Suʼaashaas waxay tixraacaysaa warbixinta soo socota.
Marka hore waa in aan taqaano in Cosmos uu yahay mid qaabeed jilicsan, qeyb ahaan sababtoo ah qaabkani isagoo ah qaabkaan oo dhan oo dhan oo aan lahayn laablaka, ayaa ugu dhameystiran dhamaantood, qeyb ahaan sababtoo ah waxay ka dhigeysaa qaabka ugu dadaalka badan, kaas oo ku haboon in la xakameeyo lana ilaaliyo wax walba; ama mar kale qaybaha ka kooban caalamka oo dhan oo ah qorraxda, dayaxa iyo meeruhuba qaabkan ayey ka muuqdaan; ama sababtoo ah wax walba waxay ku dadaalayaan in ay gaaraan qaabkaan, sida ka muuqata haddii ay dhacdo dhibicyo biyo ah iyo jidhka kale ee dheecaanka ah haddii ay isku dayaan inay is qeexaan. Sidaas daraaddeed ma shakiyi doono in qaabkani uu leeyahay jirka samada. ...
Sidaa daraaddeed dhulku waa wax aan la weyddiin karin, maxaa yeelay, wuxuu ka soo degayaa xagga bartamaha oo dhan. Inkastoo sababo la xiriira kor u kaca buuraha iyo niyad-jabka dooxooyinka aan la fahmi karin wareeg kaamil ah, haddana taasi ma saameyneyso dabeecadda guud ee dhulka. ...
Sida horayba loo tusay in dhulku leeyahay qaab meere ah, waa in aynu ka fiirsannaa in dhaqdhaqaaq kale uu la socdo qaabkan iyo halka uu dhulku ku hayo dunidda. ... Inta badan qorayaasha qorayaasha dabcan waxay isku raacsan yihiin in dhulku uu wali ku taagan yahay bartamaha caalamka, oo ay u arkaan in aan la xakamayn karin oo lagu jees jeesi karin in loo maleeyo in ay ka soo horjeedaan. Laakiin haddii arrintu si taxadar leh loo miisaamo, waxaa loo arki doonaa in su'aasha aan weli la isku waafajin, sidaas awgeedna aan si fudud loo eegin. Isbadal kasta oo meel ka mid ah oo la arko waxaa ku waajib ah, dhaqdhaqaaqa shayga la arkay ama qofka kormeera, ama isu-socodka labadaba. ... Ka dib markii cirka ka soo wareegay ka dib, oo waxaa loo soo bixin indhaheenna daalacanayo. Haddaba haddii aan dhulka dhaqdhaqaaqiisa la gaarin waa in uu dhaqdhaqaas ka dhaco wax kasta oo dhulka ka baxsan, balse dhinaca ka soo horjeeda sidii wax kasta oo dhulka joogaa dhaqdhaqaaqeen iyo kacdoonka caynkan ah uu yahay kacdoon maalinle ah. Markaa taasi waxay u muuqataa in ay saamayn ku yeelanayso caalamka oo dhan, taas oo ah, wax kasta oo ka baxsan dhulka marka laga reebo dhulka laftiisa. Haddiise, si kastaba ha ahaatee, la qirto in dhaqdhaqaaqaasi uusan u qalmin cirka, balse uu dhulku ka wareegay galbeed ilaa bari, haddiise si taxadar leh loo tixgelin lahaa ee ku saabsan soo baxa iyo soo-baxa qorraxda ee muuqata, dayaxa iyo xiddigaha, waxaa la ogaan lahaa xaaladda dhabta ah.""
Nicolas Copernicus, Kacaankii Jirka Jannada, 1543
Marinka waxaa loo isticmaali karaa sida cadeyn in Copernicus ka duwan yahay dhaqanka, falsafada dabiiciga ah ee Aristotelian ee maalintiisa sababtoo ah wuxuu soo jeediyay in",Cosmos waa spherical,dhulka waa spherical,Cosmos waa geostatic,dhulka ma aha taagan,D
"Go'aamiya H + (aQ) diiradda ee 1.0 M phenol, C6H5OH, xal. (Ka For phenol waa 1 × 10^ -10.)",1 × 10^-10 Ah,1 × 10^-9 M,1 × 10^-3 M,1 × 10^-5 M,D
"Waa kuwee oo ka mid ah qodobada soo socda oo loo tixgelin doono arrin ""jiido"" Riva marka laga fikirayo inay ka guurto Hindiya oo aadeyso Mareykanka?",Abject saboolnimada,shaqo Better iyo mushahar sare,Nidaamka hindiya ee qabyaaladda,Rabshado ka dhacay xaafadeeda,B
"Marka la barbar dhigo xisbiyada siyaasadeed ee dalalka sida Ingiriiska iyo Israel oo labaduba ay ka jiraan nidaamyo kala xisbiyo badan, xisbiyada siyaasadeed ee Maraykanku waa kuwo",dan ka yar in la saameeyo natiijada doorashooyinka,oo aan si cad loo aqoonsan oo ay ku jiraan fikrado siyaasadeed oo joogto ah,wax ku-ool yari ku ah in lacagaha laga ururshaa taageerayaasha siyaasadda ay ka urursadaan,si fiican uga tarjumi kara himilooyinka degaannada ay u dhan yihiin,B
Lambarada oo la isugu keeno kun ugu dhaw waa 47 000 oo qof. Lambarkee baa noqon kara lambarkii la soo wareegay?,"46,295","46,504","47,520","47,924",B
"Taangi wuxuu u qaabeysan yahay astaan saddex xagal ah. Haddii saldhigga saddex xagallaha ahi uu leeyahay meel baaxadkiisu yahay 116 fiid oo laba jibbaaran, oo taangigu yahay 30 fiid intee le'eg oo biyo ah ayuu taangigu ku jiri karaa markii uu buuxsamo?",1725 ft^3,1740 ft^3,3480 ft^3,6960 ft^3,C
"Danabku wuxuu ku jiraa inductor ah waxaa matalaa sida,",wax soo saarka ee inductance iyo hadda iyada oo loo marayo.,saamiga ay inductance in ay hadda iyada oo loo marayo.,ratio of hadda iyada oo loo marayo inductance ay.,wax soo saarka ee inductance iyo heerka isbeddelka hadda iyada oo loo marayo.,D
Waa kuwee sifooyinka soo socda guud ahaan waafaqsan yihiin kufsiga taariikhda?,adeegsashada xoog xad-dhaaf ah,premeditated,galmo ku kacsan,ay ku lug leedahay adeegsashada hubka,C
Raadi dhererka qalooca y = ln x inta u dhaxaysa dhibcaha halkaas oo ku saabsan y = 1/2 iyo y = 1.,0.53,0.86,1.18,1.36,C
Raadi $-\dfrac{1}{-3}\cdot\cfrac{1}{~\frac{1}{-3}~}.$,1,-1,0,2,B
Waa kuwee aragtida nafsaaniga ah ee ugu caansanaa qarnigii labaatanaad ee Galbeedka Yurub?,neuroscience,evolutionary,behaviorist,psychoanalytic,D
Tabar-la'aanta la bartay waxay u badantahay inay si toos ah ula xiriirto,saamaynta Barnum.,eex is-gaar ah.,ayax banaan oo xakameyn ah.,tixgelin aan shuruud lahayn oo wanaagsan.,C
Garcia iyo Koelling ee cilmibaaris ku saabsan nacaybka bartay ayaa aasaasay in labadaba UCS iyo CS soo socda ay yihiin kuwa ugu awoodda badan oo si dhakhso ah loo bartay?,qabashada waajibaadka iyo helitaanka abaalmarinta cuntada,lalabo iyo cunto ama cabitaan,dhaqdhaqaaq iyo shoog,Ciqaab iyo Abaal,B
"Qaar ka mid ah biyaha Marsʼsʼ ayaa la qaboojiyaa ciidda iyo koofiyadaha barafka iyo qaar ka mid ah waxay lumeen sababo la xiriira in ay ka siibto dabaysha qoraxda laakiin in badan oo ka mid ah biyihii asalka ahaa ayaa loo malaynayaa in ay lumiyeen habab kale. Maxaa ku dhacay biyo ""lumay""?",waxaa la iska siibtay by beerta magnetic markii ay si xawli ah hoos ugu xoog,waxaa lagu jebiyey hydrogen iyo oxygen by iftiinka ultraviolet iyo hydrogen ayaa laga lumay iyada oo loo marayo baxsashada kulul,waxaa cunay ilbaxnimada Martians oo harraadsan,la uumi jiray intii lagu guda jiray muddo ah volcanism aad u daran oo waxaa laga waayay si ay u meel bannaan iyada oo loo marayo baxsashada kulul,B
"Ku safraya xawaare hore ee 1.5 × 10 ^ 6 m / s, proton a galaa gobol ka mid ah beerta magnetic joogto ah magnitude 1.5 T. Haddii vector xawaare bilowga proton ee ka dhigaysa xagal ah 30 ° la beerta magnetic, xisaabi xawaaraha proton ee 4 s ka dib markii uu galay beerta magnetic.","5,0 × 10^6 m/s","7,5 × 10^6 m/s",1.5 × 10^6 m/s,3.0 × 10^6 m/s,C
"Tamarta laga sii daayo burburka phosphates-tamar sare leh, ATP iyo phosphocreatine, waxay sii wadi karaan jimicsiga jimicsiga maximal ee ku saabsan:",1-2 daqiiqadaha.,5-10 ilmiriqsi.,30-40 il-ilqsi.,50-60 ilmiriqsi.,B
"In wareega taxane ah, haddii hadda ee hal laambad uu yahay 2 A, hadda ee laambad ku xiga waa","half, 1 Ah",2: 00 AH,Waxay ku xiran tahay laydhka u dhow batteriga,Ma aha macluumaad ku filan in la yidhaahdo,B
Keeba kuwan soo socda ayaa ay u badan tahay in ay soo saaraan koboc dhaqaale oo xoog badan waqti kadib?,Isticmaalka degdegga ah ee kheyraadka dabiiciga ah.,Heerka sare ee akhris-akhris la'aanta dadka qaangaarka ah.,Hoos u dhaca keydka badeecadaha caasimada ah.,Amaahda canshuuraha maalgashiga.,D
Dhaqaalihiina wuxuu ku jiraa dib u dhac aad u weyn. Marka la eego xaaladdan dhaqaale tee bayaanada soo socda ee ku saabsan siyaasadda lacagta ee saxda ah?,Siyaasadda ballaarinta waxay sii xumeyneysaa dib u dhaca.,Siyaasadda fidinta fidinta waxay si weyn u kordhinaysaa baahida guud ee loo qabo haddii maalgashigu uu xasaasi u yahay isbeddelka dulsaarka dulsaarka.,Siyaasadda (Contractionary Policy) waa dhiirrigelinta ku habboon maalgashiga iyo isticmaalka.,Haddii baahida lacagtu ay dhammaato laastikada siyaasadda lacagta ballaarinta ee laastikada ayaa laga yaabaa inay waxtar leedahay.,B
"Ganacsiyada ayaa ku hawlan xisaabtanka bulshada sababo la xiriira dalabaadka ka imaanaya _________, si ay u aqoonsadaan ________, wanaajiyaan ___________ iyo inay dhiirigeliyaan _________ oo ay ___________","Daneeyayaasha, Khataraha, Maareynta daneeyayaasha, Isla xisaabtanka, Daahfurnaanta","Daneeyayaasha, Isla xisaabtanka, Daah-furnaanta, Khataraha, Maareynta Daneeyayaasha","Daneeyayaasha, Isla xisaabtanka, Khataraha, Daneeyayaasha, Maaraynta Daneeyayaasha","Daneeyayaasha, Maareynta Daneeyayaasha, Daah-furnaanta, Khataraha, Isla xisaabtanka",A
Canshuurta lagu soo rogay alaab-qeybiyaha waxay u badan tahay in loo gudbin doono macmiilaha qaab qiimo koror ah haddii,sareeya ee laastikada qiimaha ee baahida waa mid aad u laastikad ah.,sareeya ee laastikada qiimaha ee baahida waa mid aad u daran.,sicirka laastigga baahida waa laastigga unit.,mushaharka laastika ah ee baahida loo qabo waa mid aad u laastika ah.,B
Qoraalka 1 Koox (ab)^{-2} = b^{-2}a^{-2}a^{-2}. Qoraalka 2aad Koox ahaan (ab)^n = a^nb^n.,"runta ah, True","Been, Been","Run, Been","Been, True",B
Maxaa xilligee xilli ah oo tartan dal keliya uu gaarsiisan yahay oo uu tartanka dal keliya saameyn ku yeesho tartanka waddamo kale?,ganacsiga International,Dhaqaalaha Global,Tartanka Global,Globalisation,D
"Barnaamijka ayaa qoray barnaamijka hoos ku qoran. Barnaamijka waxaa la isticmaalayaa liiska lambarada lagu magacaabo numList. Barnaamijka waxaa loogu talagalay in lagu soo bandhigo tirada lambarada ee ku jira liiska.
 kul ←ska [1]
 Waayo, qiimaha KASTA IN numList
 kulu ← wadarta + qiimaha
 BANDHIGay wadarta
 Si loo tijaabiyo barnaamijka, barnaamijyuhu wuxuu farayaa numList si uu u [0 , 1 , 4 , 5]. Barnaamijka waxaa lagu soo bandhigay 10, barnaamijyuhuna wuxuu ku soo gabagabeeyay in barnaamijku u shaqeeyo sidii loogu tala galay. Teebadee baa run ah?",Gunaanadku waa sax; barnaamijku wuxuu u shaqeeyaa sidii loogu talagalay.,"Gunaanadku waa khalad; Barnaamijku ma soo bandhigo qiimaha saxda ah ee kiiska tijaabada [0, 1, 4, 5].","Gunaanadku waa khalad; isticmaalka kiiska tijaabada [0, 1, 4, 5] kuma filna in lagu soo gabagabeeyo barnaamijku waa sax.","Gunaanadku waa khalad; isticmaalka kiiska tijaabada [0, 1, 4, 5] kaliya ayaa xaqiijinaya in barnaamijku u shaqeeyo liiska liiska si sii kordhaya.",C
Muxuu Parfit uga soo horjeedaa sinnaanta?,Wuxuu ku doodaa in aanay bulsho sinnayn aanay lama huraan ahayn.,Waxuu ku andacoonayaa in iyadoo mudnaanta la siinayo baahiyaha dadka masaakiinta ah aynu sii kordhin karno sinnaan.,Wuxuu ku adkaysanayaa in midkasta oo masʼuul ka ah faqrigeena aanu nahay.,Wuxuu diidan yahay gebageba fikirka isku qiimo ahaanshaha.,B
"Suʼaashaas waxay tixraacaysaa warbixinta soo socota.
""Runtii, maadaama ay labaduba barwaaqo u kala sarreeyaan [culimadu] ee fikirkooda ku saleeya sababo iyo dhaqan isku mid ah iyo isfahamka bulshadda Sunniga ahi ay isku waafaqsan yihiin in waajibka qadiimiga ah ee baabi'inta, la baabi'iyo, iyo eryidda hal-abuurka xun waa in ay tahay ujeedada rabitaankeena sare, waayo, ""Qiirada diintu waa guul iimaanka Ilaaha Raxmaana ah""; markaas, sida waafaqsan hadalka Rasuulka (scw) ""Qof kasta oo ku soo bandhiga hal-abuurnimo xun amarkayaga waa in la eryo"" iyo ""Ku alla kii sameeya wax ka soo horjeeda amarkeena waa in la eryo,"" tallaabo ayaa noqotay mid lagama maarmaan ah oo fir-toogasho ah.
Letter from Ottoman Sultan Selim I to Safavid Shah Ismail I, 1514
Safavids waxay soo jiideen cadhada jilicsanaanta islaamiga ah sida Ottoman iyo Empires Mughal ugu horrayn maxaa yeelay Safavids",ahaayeen boqortooyada ballaarinta ah juquraafi ahaan ku yaalla inta u dhaxaysa laba ballaarinta kale,diiday mabaadii'da dhexe ee Islaamka,"addoonsaday Masiixiyiinta, oo waxay ka dhigeen dagaalyahanno Safavid",Ismaaciil wuxuu ku dhawaaqay inuu Khaliif yahay.,A
"Suʼaashaas waxay tixraacaysaa warbixinta soo socota.
Anigu waxaan dhinac ku socdaa columnadda, waydii maxuu ku socdaa.
Askari ayaa si fudud u yiri: ""Maalin kasta waxay u yeeraan wax ka badan.
""Waxaa naga mid ah oo inaga mid ah waqooyiga loo diray Webiga Yellow webiga annagoo shan iyo toban jir ah,
Hadda annagoo afartan gaadha waxaan u sii socday xeryaha ciidan ee galbeedka.
On our safar ugu horeysay, madaxa tuulada lahaa inuu xidho our bandannas noo.
Markii aanu soo noqonay, timaheennu waxay ahayd caddaan, laakiin weli xasarad ka sii daran ayaa jirta.
Ciidannada horka ah ee ciidanku waxay wadaan dhiig, oo ku filan in ay bad ka buuxiyaan,
Laakiinsa damaca dhuleed ee Martial Emperor weli ma aysan sii cambaareyn.
iyo boqolka degmo oo xagga bari ka xigta buuraha, iyo dalka Xaan oo dhan,
Waxaa lagama maarmaan ah in toban kun oo tuulo oo hadda ku faafa caloosha.
Xitaa haddii ay xaasku xoog badan yihiin oo ku filan in ay xamili lahaayeen godka iyo qodista,
Dhan kastaba waxaa beeraha ka soo baxa, Oo beeruhuna dhammaantood waa qas miidho.
Waxaa ugu adag ragga reer Shanxi, iyagoo ku sumcadda dagaalyahanno ahaan:
Waxaa loo soo shiriyay sidii eeyaha ama bukaagii, rag kasta oo lab ah ayaa la yaabay.
""Laakiin sayidow, in kastoo ay kugu wanaagsan tahay inaad weyddiisatid,
Cabashadu qayb kama ahan hawsha askariga.
Annagu madaxyadeena oo kaliya ayaanu ruxruxin karnaa. Qaado jiilaalkan:
Ciidamada Shanxi marnaba lama dirin guryahooda.
Waxa ay Saraakiisha Degmada ka dalbanayaan Canshuurta Degaanka,
Laakiin xaggee bay ka iman doontaa? Dhagax dhiig kama qaadi kartid!
waxaan si daacad ah u malaynayaa in ay nasiib xuma tahay in wiil dhalo hadda,
Waxaa ka wanaagsan in gabadh la dhalo: ugu yaraan way is guursan kartaa
Waxaad la noolaataan darisyada dariska la ah.
laakin wiil wuxuu ku danbayn doonaa inuu ku jiijifo dhulgariir oo fog.
Du Fu, ""Ballad of the Army Carts,"" ca. 750 C.E.
Gabaygu wuxuu bixinayaa caddeyn ku saabsan kuwan soo socda ee ku saabsan xiriirka jinsiga ee bulshada Tang?",Xiriirka ismariwaa ee u dhexeeya saygaaga iyo xaaskiisa ayaa wali ku xoogan bulshada Tang.,Qoraallada imperial waxay adkeeyeen dhalashada wiilal awood u leh in ka badan gabdhaha si ay u fuliyaan qoondada askarnimada.,Shaqada beeraha waxaa wadaagi kara haweenka iyo ragga.,Xiriirka dhaqameed ee jinsiga Shiinaha ayaa la beddelay intii lagu jiray boqornimadii Empress Wu Zetian.,C
"In xy-diyaarad, jugta x^ (log y) = y^ log x waa",afar qeybood ee ugu horeysay ee furan,qaloocyo xiran,ray ah oo ku yaala afarta cisho ee kowaad ee furan,hal dhibic keliya,A
Dalalkee soo socda ayaa kasoo qubtay CO2 per capita ugu badan ee 2017?,Japan,Kanada,Ruushka,Iiiran,B
Waa maxay weerar celis ah?,Markuu ka jawaabo ninkii weerarka geystay fariin uu u soo diray nidaamka,"Weerar joogto ah oo ku soo noqnoqda, iskuna tilmaamaya tabaarri, tabadarro",Weerar loo adeegsanayo farriimaha nidaamku u gaar yahay oo aan wax lagaga difaaci karin,"Ninka weerarka soo qaaday ayaa dib usoo celiyay fariin lagu qabtay, bartana way aqbashay waxaana ay jawaab ka bixineysaa raalintii weerarka soo qaaday",D
Xaqiiqda ah in inta jeer ee nuugista infrared ee chloride deuterium (DCL) ayaa laga badalay kan hydrogen chloride (HCl) waxaa sabab u ah kala duwanaanshaha ay,qaybinta eleeroorada,dipole daqiiqad,force constant,dhimay mass,D
"Waxtarka quantum-ka ee qalab photon-ka waa 0.1. Haddii 100 photons loo diro qalabka baaraha, mid ka dib marka uu midka kale ka dibna, baaruhu wuxuu ka ogaan doonaa photons","celcelis ahaan ah 10 jeer, la weedho ah oo rms ah oo ku saabsan 4","celcelis ahaan ah 10 jeer, la weedho ah rms ah oo ku saabsan 3","celcelis ahaan ah 10 jeer, la weedho ah rms ah oo ku saabsan 1","celcelis ahaan 10 jeer, la weldel ah rms ah oo ku saabsan 0.1",B
Midkee noocyada soo socda ee xadhig yara ah laguma tilmaami karo hadal si joogto ah?,All xadhig yara kuwaas oo tiradooda eber tahay tiro badan oo shan ah,All xadhig yara oo ka bilaabanaya eber iyo ku dhamaado mid,All xadhig yara leh tiro siman oo zeros,Dhammaan xadhig yar oo leh in ka badan eber,D
La qabsashada dhirta si loo yareeyo biyaha lumaya ee deegaannada heerkulka badan yahay waxaa ka mid ah kee kuwan soo socda?,Stomata badan,cuticles khaf ah,Laf dhabarta halkii ay caleenta,saamiga dusha-to-mugga Large,C
Isbeddellada waxaa ku jira qaladaad ku jira DNA-da oo ah:,had iyo jeer waxyeello u geysataa.,Kaliya waxay ku dhacaan oo keliya kansar-sidayaasha qaarkood ay joogaan.,kordhinta koriinka buro.,ku dhacdaa si isdaba joog ah heerka hoose.,D
Waa kuwee kuwa soo socda oo run ka ah hypothyroidism?,Miisaanka oo yaraada,Pre-tibial myxoedema,Heerka A TSH kor loo qaaday,Ka-hortagga meelo diiran,C
"Qiimaha la qiimeeyay ee guryaha ku yaal magaalo waxay ka dhigan yihiin celcelis ahaan $125,000 iyada oo si caadiga ah looga leexdo ay tahay $23,000. Qandaraaska macalimiinta cusub awgiis, degmooyinka dugsiyada waxay u baahan yihiin 10% oo dheeraad ah oo lacagta ah marka loo eego sannadkii ka horeeyay. Si kor loogu qaado lacagtan dheeraadka ah, magaaladu waxay xafiiska qiimaynta ku faraysaa in ay kor u qaadaan dhammaan qiimaha guryaha la qiimeeyo $5,000. Maxay noqon doontaa weedhaha cusub ee caadiga ah ee qiyamka qiyamka ah ee lagu qiimeeyo guryuhu ee magaalada?","$23,000 ","$25,300 ","$28,000 ","$30,300 ",A
" Marka uu ka hadlayo takoorka dagaalka, Valls wuxuu soo jeedinayaa in",ma jiraan wax farqi ah oo u dhexeeya dagaalyahannada iyo kuwa aan dagaallamayn.,farqiga u dhexeeya dagaalyahannada iyo kuwa aan dagaallamaynin waa arrin heer sare ah.,farqiga u dhexeeya dagaalyahannada iyo kuwa aan dagaalamaynin waa mid aan caadi ahayn oo cad.,"""argagixisada"" waa in lagu qeexaa dagaal aan loo kala soocin.",B
" Sida laga soo xigtay nussbaum, in qofka loola dhaqmo shay ahaan waa",ku filan wax ka qabashada galmada.,lagama maarmaan u ah wax ka qabashada galmada.,looma baahna wax loogama maarmaan ahan wax galmo.,dhamman waxa kor ku xusan.,C
"Waayo, waa kuwee ka mid ah labadan marxaladood oo sameeya dabeecadda ugu weyn (oo isticmaala I / aniga / aniga ) sameeyo wax cad khalad anshax xumo, marka loo eego heerarka anshaxa caadiga ah ee Maraykanka sida 2020? Muuqaalka 1aad Markii ay waalidkay seexanayeen, waxaan aaday anigoo orodaya. Muuqaalka 2aad Waxaan ku shubay walxo-qaade ay ka buuxaan dhar ay qolka igula soo buuxaan.","Khalad, Khalad","khalad, ma dulmin","Khalad ma aha, khalad","Ma dulmin, ma dulmin",D
"Waayo, waa kuwee ka mid ah labadan marxaladood oo sameeya dabeecadda ugu weyn (oo isticmaala I / aniga / aniga ) sameeyo wax cad khalad anshax xumo, marka loo eego heerarka anshaxa caadiga ah ee Maraykanka sida 2020? Muuqaalka 1aad Mararka qaar waxaan isku dayaa in aan runta sheego, haddii aysan igu dhicin dhibaato. Muuqaalka 2aad Anigu waxaan dhunkaday saaxiibadday at showga sixirka.","Khalad, Khalad","khalad, ma dulmin","Khalad ma aha, khalad","Ma dulmin, ma dulmin",B
"Waayo, waa kuwee ka mid ah labadan marxaladood oo sameeya dabeecadda ugu weyn (oo isticmaala I / aniga / aniga ) sameeyo wax cad khalad anshax xumo, marka loo eego heerarka anshaxa caadiga ah ee Maraykanka sida 2020? Muuqaalka 1aad Rooga cusub ayaan rooga cusub dul orday anigoo lawnago. Muuqaalka 2aad Waan kaadiyay gacantayda, si aan u baaro infakshan.","Khalad, Khalad","khalad, ma dulmin","Khalad ma aha, khalad","Ma dulmin, ma dulmin",A
"Waayo, waa kuwee ka mid ah labadan marxaladood oo sameeya dabeecadda ugu weyn (oo isticmaala I / aniga / aniga ) sameeyo wax cad khalad anshax xumo, marka loo eego heerarka anshaxa caadiga ah ee Maraykanka sida 2020? Muuqaalka 1aad Elton John oo caanka ah ayaan ku arkay bannaanka fagaaraha riwaayad waxaanan ka qaaday sawir isaga oo aan weydiin. Muuqaalka 2aad Waxaan ku warramay nin kale oo ilaalin ah oo si qarsoodi ah oo daroogada maandooriyaha qaba xabsiga ku shubaya oo maxaabiista ka iibiya.","Khalad, Khalad","khalad, ma dulmin","Khalad ma aha, khalad","Ma dulmin, ma dulmin",D
"Waayo, waa kuwee ka mid ah labadan marxaladood oo sameeya dabeecadda ugu weyn (oo isticmaala I / aniga / aniga ) sameeyo wax cad khalad anshax xumo, marka loo eego heerarka anshaxa caadiga ah ee Maraykanka sida 2020? Muuqaalka 1aad Waxaan ku dhuftay biririftayda si aan u seego kubadda markii ay soo gashay wadada. Muuqaalka 2aad Waxaan baray caruurtayda in ay ciyaaraan xylophone..","Khalad, Khalad","khalad, ma dulmin","Khalad ma aha, khalad","Ma dulmin, ma dulmin",D
"Waayo, waa kuwee ka mid ah labadan marxaladood oo sameeya dabeecadda ugu weyn (oo isticmaala I / aniga / aniga ) sameeyo wax cad khalad anshax xumo, marka loo eego heerarka anshaxa caadiga ah ee Maraykanka sida 2020? Muuqaalka 1aad Markii uu qaboojiyaha makhaayadeyda jabay, waxaan u adeegi jiray hilibka diiran inkastoo aan ogaa inuu yahay mid aan ammaan ahayn. Muuqaalka 2aad Waxaan goʼaansaday in aan dab ka shido kaynta.","Khalad, Khalad","khalad, ma dulmin","Khalad ma aha, khalad","Ma dulmin, ma dulmin",A
"Isticmaalka caanaha waaweyn
",Waxaa la soo sheegay in uu la xidhiidho dhacdooyinka sare ee jabsiga iyo kor u qaadista dhimashada daraasaddo yar,Inta lagu jiro qaan-gaarnimada waxay u muuqataa in lala xiriirinayo cufnaanta macdanta lafta ee sare ee nolosha dambe,Ma si joogto ah u la xidhiidha heerka hoose ee jajabyada,Wadamada uu ugu badan yahay jabka ayaa tilmaamaya in isticmaalka caanaha ay faa'iido u leedahay lafaha.,A
"Waa kuwee waraaqaha soo socda ee ku saabsan metabolism-ka glucose-ka waa sax?
",Glucagon wuxuu kordhiyaa heerka glycolysis,Glycolysis wuxuu u baahan yahay NADP +,"In glycolysis, glucose waxaa loo kala qaadaa laba alaabo saddex kaarboon ah",Dhammaadka wax soo saarka glycolysis ee unugyada dhiigga cas waa pyruvate,C
Nagel wuxuu ku andacoonayaa in dhibaatada nasiibka akhlaaqda ay si dhow ugu xiran tahay dhibaatada ka jirta:,Allah wuu cadaabayaa.,xorriyadda doonista.,egoism cilmi nafsi ah.,Universals.,B
"Sida laga soo xigtay Singer, waafaqsanaanta uu mabda'a u baahan yahay:","isbeddel wanaagsan ayuu ku noqdaa caadooyinkeenna shaqsiyadeed, laakin bulshadeena guud ahaan uma badala bulshadeena.","isbeddel xadidan oo ku aaddan caadooyinkeenna shaqsiyeed, iyo sidoo kale bulshada.","Isbeddel ballaaran oo ku yimid caadooyinkeena shakhsiga ah, laakiin ma aha mid bulshadeena ku dhaqan.",Isbeddel weyn ayaa ku yimid caadooyinkeena shaqsiyeed iyo bulshadeena labadaba.,D
Kee baa intaa ka mid ah kuwan soo socdaa waa kan ugu dambeeya ee uu ku mashquulsan yahay baniʼaadamku?,New Guinea,Awstareeliya,Niyuuw Siilaan,Timor Timor,C
Ilbaxnimada Nubian:,soo hormaray oo dhiirigeliyey kororka dhaqanka Masaariga.,waxay ahayd natiijada gumeysigii Mesobotaamiyaan ee koonfurta.,"horumariyo si ay uga jawaabaan, laakin aan ku dayashada, dhaqanka Masaarida.",xiriiro kulama yeelan dhaqamada deriska ah.,C
Hay'ad dawladeed ayaa looga baahan yahay in ay ku darto bayaanka qulqulka lacagta caddaanka ah ee ku qoran bayaannada maaliyadeed ee soo socda?,Qoraalada maaliyadeed ee ay dowladdu maaliyaddu ku maalgeliso.,Wararka maaliyadeed ee dowladda oo dhan.,War-saxaafadeedyada maaliyadeed ee la hantiyaynayo.,Fiduciary Fund bayaannada dhaqaale.,C
Teeba ka mid ah bayaanada soo socda waa mid sax ah maadaama ay la xiriirto isbedelka qiyaasta xisaabinta?,Inta badan isbeddelka qiyaasaha xisaabaadka waxaa lagu xisaabiyaa dib-u-eegis.,"Mar kasta oo aan macquul aheyn in la ogaado haddii isbeddel lagu sameeyey qiyaasta ama isbeddelka mabda'a xisaabinta uu dhacay, isbeddelka waa in loo tixgeliyaa isbeddel mabda'a mabda'a ah.","Mar kasta oo aan macquul aheyn in la ogaado haddii isbeddelka qiyaasta xisaabinta lagu sameeyey ama isbeddelka mabda'a xisaabinta uu dhacay, isbeddelka waa in loo tixgeliyaa isbeddel qiyaaseed.",Waxaa ka sahlan in lagu kala saaro isbeddelka qiimeynta xisaabaadka iyo isbeddelka mabda'a xisaabinta inta loo kala saaro isbeddelka qiyaasta xisaabinta iyo in la saxo khaladaadka.,C
"Mid ka mid ah gaadiidleyaasha baabuurka ayaa si xun ugu dhaawacmay darawal kale oo baabuur waday. Qofka waday ayaa loo heystay inuu ku safray waddo khaldan, isla markaana uu bixiyey ganaax. Qofka gaadiidleyda ahi wuxuu lahaa xad caymis ah oo kaliya $15,000 oo loogu talagalay waajibaadka qofka saddexaad ee caymiskiisa. Ka dib markii uu taageeray caymislaha baabuurka oo soo saara warbixin caafimaad oo dhamaystiran, dhammaan biilasha caafimaadka, diiwaanka caafimaad, iyo caddaymo kale oo loo baahan yahay oo ah waxyeelo, qofka dhaawaca ah ee sheeganaya ayaa dalbaday xadka siyaasadda. Qofka dalbaday wuxuu ogeysiis siiyay in dacwad aan diinta xun la soo gudbin doono haddii aan si dhakhso ah loo bixin xadka caymiska. Shirkadda caymiska ayaa diidday in la bixiyo iyada oo aan la fasixin. Guddi-kooxeed ayaa qofka la dhaawacay ku siiyay dalabahaas $200,000. Qofka la dhaawacay ee sheeganaya ayaa helay shaqo saxiix ah oo ka timid gaadiidle aan dayacnayn inuu siiyo qofka dalbaday wixii xuquuq ah ee uu gaadiidleku ku lahaa caymislaha. Maxkamaddu ay u badan tahay in ay shirkadda caymisku ku qasbi doonto in ay bixiso lacagta buuxda ee xukunka garsoorka in uu siiyo qof ku dhaawacmay xaqiiqooyinkan?","Xadka caymisku waa $15,000 taasina waa waxa uu qaadi karo qofka dhaawacmay ma jirto wax tallaabo ah oo ku wajanayo iimaanka xun ee heshiiska caymiska.",Shirkadda caymisku waxay jebisay axdiga lala taliyey oo ah iimaan wanaagsan iyo macaamil caddaalad ah oo aan macnaheedu ahayn heshiis kasta oo caymis ah oo ay tahay in ay bixiso lacagta buuxda ee xukunka.,"Caqiido xumo waxay shakhsi u tahay xisbiga caymiska ah, caymislihiisiina wuxuu ahaa mid aan waxba ka jirin, qofka dhaawacmayna sheegasho uma haysto in caymiyaha lagu khasbo in uu lacag bixiyo.","Xisbiga dhaawacmay waa in uu fuliyaa xukunkiisa oo dhan ee ka dhanka ah wadayaha, mana laga yaabo inuu marnaba ku eryadiyo caymislehaha lacagtaas.",C
"Shirkada guryaha waxay leedahay dhul. Shirkadda guryaha ayaa soo diyaarisay qorshe horumarineed oo ah in dhulka loo qaybiyo 100 goobood iyo in la abuuro bulsho degaan ah oo ku nool dhulkaas. Bayaankii Axdigu waxay abuureen urur ay ku midaysan yihiin dadka guryaha iska leh, oo ah hay'ad maamul oo maamuli doonta isla markaana dhaqan gelisa qawaaniinta iyo xannibaadaha lagu xuso axdiga. Mid ka mid ah xayiraadaha ku xusan Bayaanka Axdiga akhriya: ""Waxaa marnaba marnaba la taagi doonaa, la oggol yahay, ama lagu hayo qayb ka mid ah hantida kasta oo dhisme loogu talagalay ama loo isticmaalo sida saloon ama meel for sale ama soo saaridda ee malt, canab, ama ruuxa khamriga. "" The Bayaanka axdiga waxaa si habboon loo duubay oo lagu daray in camal ah uu qaaday by macallin marka uu iibsaday lot 62 ee horumarinta. Macalinka ayaa isla markiiba duubay camalkiisa. Macalinka ayaa gurigiisa u kireeyay maktabad muddo sanad ah. Kiraynta waxaa ku jiray xadeyn la mid ah kuwa ku jiray Bayaanka axdiga iyo ficilka macalinka. Maktabaddu isla markiiba waxay billowday in uu khamriga ku iibiyo goobta inta lagu jiro saacadaha ka dib xisbiyada ""saacado ka dib"" ee toddobaadlaha ah. Ururada guryaha iska leh ayaa dacwad ku soo dacweeya maktabadda tallaabo ay magdhaw ka soo gaartay. Midkee ayaa soo socda oo ah doodda ugu fiican ee qofka maktabadda ah?",Xeerka kiiska Spencer wuxuu diidayaa in maktabaddu uusan mas'uul ka noqon karin.,Maktabaddu ma ahan mid mudnaan ugu weyn in uu heshiiska la galo milkiilayaasha guryaha iska leh.,Maktabaddu ma ahan mid mudnaan u leh macallinka.,Meelaha kale ee u dhow dhow waxaa loo isticmaalaa ujeedooyin ganacsi.,B
"Si loo dhiirigeliyo diiwaangelinta kuliyadaha, dowladdu waxay bixisaa canshuur dhaafka $200 ee canshuurta gobolka ee loogu talagalay kuwa ardayda waqti buuxa ah ee dhigata kulliyadaha kuliyadaha ee gobolka. Dumarka ardayda dhigta muddada nuska ah ayaa wali loo ogol yahay in ay qaataan canshuur dhaaf ah $100, halka ardayda labka ah ee dhigta waqtiga nuska ah aan la ogolayn wax canshuur dhaaf ah. Midkee ayaa sida saxda ah u soo koobaya xeerka saxda ah ee sharciga dastuurka ee ku saabsan canshuur dhaafka dowlada ee ardayda muddada nuska ah iska qorta?",Cashuur dhaafkaasi waxa laga burinayaa sababtoo ah waxa loo diiday habsami u socodkii lagu qadaray.,Cashuur dhaafka waa laga burinayaa iyadoo ay tahay mid xadgudub ku ah qodobka ilaalinta siman.,Tallaabada cashuurta waxa lagu xaqiijinayaa sida ay u bahan tahay habka loo fuliyay.,Waxaa lagu xaqiiri lahaa tallaabada cashuurta in lagu dhaqan geliyo awoodda degmada in cashuurta qaybaha kala duwan ee dadka si aan sinnaba loo dulqaadin.,B
"Awooddani waxay leedahay xeerka dambiyada ee soo socda oo dhaqan-gal ah: ""Qofku mas'uul kama aha dhaqanka dembiyada haddii xilliga uu dhaqan-galku dhici doono, maadaama oo ay ka dhashaan cudur maskaxeed ama cillad, uu la'aanta awood wax ku ool ah oo uu u qiimeeyo khaladnimadii uu sameeyay, ama inuu u hoggaansamo dhaqankiisa shuruudaha sharciga. "" Galab ka mid ah, eedeysanaha ayaa xannaaneynayay wiilkiisa shanta sano jirka ah ee adeerka ah. Oo intay dibadda qabsanayeen ayaa eedeeyihii kubaddii ku dul tuuray madaxa adeerkiis, markaasay ku soo giringiratay waddada. Dareen ahaan, inanku adeerku wuu orday kubad ka dib laakiin wuxuu ku dul safray dareerida wuxuuna ku dhacay wadada. Markii uu sakaraadbay, inankii adeerka ahaa si xun ayuu canqowgiisa u qallafiyay, wuuna isa soo taagi kari waayay. Daqiiqado ka dib, gaari weyn oo qashinka qaada ayaa taageero kacsanaa oo dul maray wiil adeer ah, isaga oo dilay. Inkasta oo eedeysanuhu uu arkay dhibaatayn uu ku hayo wiilkiisa adeerka ah, haddana wax dadaal ah kuma uu samayn inuu soo badbaadiyo. Intaa ka dib, eedeysanaha waxaa lagu soo oogay dacwad aan qasab ahayn. Dacwad-ooguhu wuxuu ka marag-kacay inuu aad u naxay markii uu arkay in adeerkiis oo ku soo dhacay meel u dhow gaariga qashinka ee uu qaboojiyay oo uu awoodi waayay inuu dhaqaaqo ilaa iyo goorta uu ka daahay. Ka dib markii la ogaaday eedeysanaha, goob jooge khabiir ah ayaa ka markhaati furay difaaca in falcelinta noocan ah eedeysanaha uu ku tilmaamay aysan ahayn wax aan caadi ahayn marka ay dhacdo runtii naxdin leh dhacdo naxdin leh ay dhacdo. Haddii guddigu ay aaminsan yihiin markhaatiga eedeysanaha iyo markhaatiga khubaradiisa, difaaca ugu fiican eedeysanaha waa kuwan soo socda kee baa maraggiisu yahay?",Eedeysanaha wuxuu la dhibaataysnaa waalli ku meel gaar ah.,Dacwad-ooguhu wuxuu waayey xaaladda loo baahan yahay ee maskaxda ee looga baahan yahay in loo sameeyo fal-dembiyeedkan.,Dacwaddan ku guuldareystay dhaqan-galka dacwad-qaadista ma ahayn wax aan qasab ahayn.,Mas'uuliyadda dambiga eedeysanaha waxaa bedelay kan darawalka gaari xamuul ah.,C
"Musharraxa qoraalka lagu qorayo waa nin u dhashay Mexiks-Mareykan ah wuxuuna qabaa in uu u baahan yahay in codbixiyeyaasha Mexic ay u soo baxaan si ay doorashada ugu guuleystaan. Sidaas darteed, maamulihiisii ololaha, wuxuu go'aansaday in uu qof kasta oo cod-bixiyihii Meksiko ee diiwaangashan uu ugu soo diro warqad ilmada ka ilmaysiiya, oo ay ku qoran tahay magaca musharaxa iyo xafiiskiisa uu u tartamayo. Maadaama dad badan oo u dhashay Mexico aysan aqoon u lahayn akhriska iyo qorista afka Ingiriisiga, ayaa maamulaha ololaha waxa uu aaminsan yahay in qaar badan oo ka mid ah codbixiyeyaasha ay ku adkaan doonaan in ay magaca iyo xafiiskiisa ku qoraan codka musharraxa. Sidaas awgeed, maareeyaha ololahan ayaa sameeyay olole ballaaran oo warbaahinta ah si uu codbixiyayaasha ugu wargeliyo habka loo dabagli karo dadka ku qoraya kaadhadhka codbixinta. Shan bilood kahor doorashada ayaa warbixiyaha rasmiga ah ee doorashada ku wargelinaya guddiga ololaha musharaxa in shabagyada ilmada ka baxsan aysan u hoggaansamin shuruuda gobolka. Masuulku waxay wargeyskani ku cadeyneysaa in masʼuuliyiinta doorashada dowlad goboleedyadu ay u arkaan in ay lagama maarmaan tahay in dadka codbixiyeyaasha ah ay khad ku qoraan magaca musharaxa. Sidaa darteed, waxay ku gebogebeysaa in dadka kasoo horjeeda aysan u hoggaansamin shuruudaha dastuuriga ah. Saddex toddobaad ka dib, musharraxiintu waxay dacwad ka dhan ah saraakiisha maamul goboleedyada u gudbiyeen dacwad ka dhan ah saraakiisha doorashada maamul goboleedyada iyagoo ku eedeeyey in fasiraadda qawaaniinta dowlad-goboleedku ay ku xadgudbayso dastuurka Mareykanka. Kee baa, haddii la dhiso, soo socda, soo hagaajiya doodda ugu adag ee dastuuriga ah ee lagu taageerayo masuulka doorashada turjumaadda xeerkan?",Ka qaybgalka tirada codbixiyeyaasha ee diiwaangashan ee ka jira dalka Mexico ee aan aqoonta u lahayn ingiriisi ayaa ah wax ka yar boqolkiiba 1% guud ahaan gobolka doorashooyinkii ugu danbeeyay.,Qawaaniinta dowlada ayaa faraya in qol kasta oo ka mid ah codbixinta lagu qalabeeyo qalin khad ah si loogu fududeeyo qoraalka codbixinta.,"Maadaama ay tirada badan ee codadka lagu qorayo ay guud ahaan kor u qaadayaan waqtiga loo baahan yahay in la tiriyo dhamaan codadka, waxaa lagama maarmaan ah in si isku mid ah loo dhiibto codadka noocaan ah.",Suurtagalnimada khiyaamaynta codbixinta aad bay uga weyn tahay iyadoo la hayo stickers preprinted.,D
"Nin ayaa ahaa milkiilaha hoteelka dhowaan magaalada laga dhisay ee ku yaalla magaalada. Bishii Maarso 15-teedii, waxaa ninkan telefoon telefoon uga soo wacay qof iibinayay oo qaybiyey qalabkii hoteelka. Ninkii iibinayay ayaa soo jeediyay in ay ninkaasi u iibiso 1,000 khadadka dab-damiska ah hudheelkiisa. Shaqaale ayaa ninka u sheegay in kharashka ku baxaya dab-damiyeyaashu uu noqon doono $35,000 (ama $35 kiiba), la bixinayo 90 maalmood ka dib marka la dhasho. Shaqaale ayaa ballan qaaday in la rakibi doono dab-damiyayaasha ugu dambeyn 15-kii Abriil. Maarso 16- dii, ninka ayaa telefoonka kula hadlay iibiyaha wuxuuna aqbalay dalabkaas. Maalintii xigtay, ninka ayaa boostada waraaqaha ah ee soo socda si iibiyaha ah: ""Fadlan lagula talinayaa in aan qaadan doono a 15 boqolkiiba dhimis lacag caddaan ah lacag kaash ah toddoba maalmood ka dib markii loo soo xirxiro. "" Qofka iibinaya ayaa waraaqaha ninkaan helay 20-kii Maarso. Bishii Abriil 1deeda, shaqaaluhu wuxuu ninka u soo diray telegraam, isagoo ku yidhi: ""Waa wax iska cad inaanan haysanin heshiis la fulin karo. Anigu ma bixin doono qalabka dab damiya 15-ka Abriil ama wakhti kale toona. ""Ninka wuxuu dacwad ka dhan ah iibiyaha dacwad ka dhan ah jabinta heshiis-jabinta. Iibiyaha ayaa xaqiijinaya difaaca xeerka musuqmaasuqa ee hoos imaada UCC. Keeba soo socda waa bayaanka ugu saxdasan ee ku saabsan difaaca iibiyaha ee?","Difaaca iibiyaha shaqaaluhu waa mid sax ah, maxaa yeelay, kuma filnayn in heshiis la sameeyay ninkaasi.","Difaaca iibiyaha shaqaaluhu waa ansax, maxaa yeelay, qoraalka ninka wuxuu ahaa mid aan waafaqsanayn shuruudaha qofka iibiyaha ah dalabkiisa afka ah.","Difaaca iibiyaha shaqaaluhu ma ahan mid sax ah, maxaa yeelay qofka iibiya ayaa ku guuldareystay in uu ka jawaabo qoraalkii ninka ee uu watay muddo macquul ah gudaheed.","Difaaca iibiyaha ma aha mid sax ah, sababtoo ah UCC sida waafaqsan xeerka musuqmaasuqu ma khuseeyo heshiisyada u dhexeeya ganacsato.",A
"Ka hor inta aan la soo jeedin in la mideeyo laba magaalo oo cod-bixin ah, ayuu xeer-ilaaliyaha guud ee maamulku soo saaray aragti la talin ah oo uu ku sheegay in tallaabadaasi ayna, sida ay u aragto, ayna ku xadgudbin wax sharci ah ama sharciyeed. Waxaa intaas ka dib hindiisga lagu meel mariyay codbixinta, iyadoo ay si aad ah u meel mariyeen codbixiyaasha labada magaalo. Doorashadii ka dib, balse ka hor intaan midowga si rasmi ah loo hirgelin, ayaa laba canshuur bixiyayaal ah oo ka yimid mid ka mid ah magaalooyinka waxay billaabeen dacwad ay ku amrayaan midnimada, iyagoo weeraray dastuurka hindisaha. Dacwadda ayaa gaartay maxkamadda sare ee dowlad-goboleedyada, waxaana lagu ogaaday in uu yahay dastuur sida waafaqsan sharciga federaalka iyo kuwa gobolladaba. Dacwad oogayaasha ayaa hadda soo gudbiyay mooshin doonaya in arrintan ay dib u eego Maxkamadda Sare ee Mareykanka. Maxkamaddu waxay","lama maqlin kiiska, maxaa yeelay, waxaa lagu go'aamiyay sababo dowladeed oo madaxbanaan.","ma dhageysanin kiiska, laakiin waxaa dhici karta in dib loogu celiyo maxkamadda gobolka federaalka.","dhageysto arrimaha federaalka ee ku lugta leh, laakiin diiday in ay xukunto arrinka maamul goboleedyada.","ku tiirsan tahay aragtida wadatashiga ah ee uu hayo xeer ilaaliyaha guud ee dowladdu, mana maqlin kiiska mudnaanta uu mudan yahay.",A
"Booliska ayaa war ka helay qof la xog ogaal ah oo lagu kalsoon yahay oo sheegaya in nin gurigiisa ka soo jeeda uu ka soo ganacsanayay maandooriye. Saraakiishu waxay markaa garsooraha u gudbiyeen warqad afti ah oo qeexaysa duruufaha muujinaya sababta dhici karta in la bixiyo amarka baadhitaanka. Garsoorka ayaa soo saaray amar lagu baadiyo maandooriyaha, cinwaanka ninkan uu qabay. Askarta booliska ayaa tegay guriga ninkaasi oo ay ka waceen rasaasta albaabka. Markii ay waayeen cid uga jawaabi waayeen, ayaa booliisku guriga jabsaday oo gudaha u galay. Waxa ay baareen qolalkii ku yaalay dabaqa kowaad, mana ay helin wax cadeyn ah oo dembiyo gala, kadibna banaanka ayay u socdeen, waxa ayna ku ogaadeen albaabo gaar ah oo galo oo gaara ilaa dabaqa labaad ee guriga. Kolkaasay koreen jaranjarada, oo waxay galeen qol jiif ah oo dabaqa ah. Qolka gudihiis ayaa saraakiishu heleen xirmo bambaano ah oo ku jilicsan oo dul saaran dharka dharka. Iyadoo ay saraakiishu ay sii wadaan baadhitaankooda qolka jiifka, ayaa eedeysanaha qolka soo galay. Booliska ayaa eedeysanaha weydiiyay in uu ninka yahay iyo in kale. Eedeysanaha ayaa is aqoonsaday wuxuuna u sheegay booliska in ay ku jiraan qolkiisa jiifka isla markaana uu ku yaalla dabaqa labaad ee guriga. Eedeysanuhu wuxuu sharaxaad ka bixiyay in ninkaasi uu ku noolaa dabaqa koowaad isla markaana goobta uu ku nool yahay ay ka go'naayeen dacwadda. Si kastaba ha ahaatee, eedeysanaha ayaa la xiray waxaana lagu soo oogay dacwad ah inuu haysto maadada cokaine. Eedeysanaha ayaa soo gudbiyay mooshin ku aaddan in cokaine-ka laga saaro caddeyn loo gudbiyay. Mooshinka eedeysanaha waa in uu ahaadaa","loo oggolaaday, sababtoo ah amarku ma uusan magacaabin eedeysanaha.","oggolaaday, sababtoo ah amarku ma sheegin si gaar ah aagga la baadhi karo.","diiday, sababtoo ah booliska ayaa si macquul ah u aaminsanaa in ay baarayeen guriga uu ku nool yahay ninkan, markii ay galeen xaafadaha lagu noolaado eedeysanaha.","diiday, maxaa yeelay, amarku wuxuu ahaa mid sax ah oo lagu soo saaray sabab macquul ah.",C
"Supermarket ayaa hada dib loo furay ka dib markii uu todobaadkiiba labo ka mid ah uu xirmay si dib loogu dayac tiro. Subaxdii dib u furitaanka, haweeney ayaa soo dukaamaysanaysay markii ay si lama filaan ah u dhacday oo lugta ka jabtay ay ka soo gaartay. Intaas kadib waxay haweeneydu dacweysay dukaanka oo dhaawac shaqsi ahaaneed gaaray dukaanka. Iyada oo dacwaddeeda ku jirta, haweenaydu waxay sheegatay in ay ku dul dhacday baaldi rinji ah oo ku jiiftay mid ka mid ah gayadaha. Markii maxkamadda lagu jiray, ayay haweeneydu wacday qof kale oo macmiil ah si ay ugu markhaati furto in isaga oo wax soo adeeganaya uu maqlayey thud, oo uu soo jeestay oo uu arkay gabadha oo dabaqa ku dhaceysa. Waxaa kale oo uu markhaati ka noqday inuu arkay baaldi rinji ah oo madhan oo naagta lugta u jirta dhawr fug oo jilicsan. On baaritaan iskudhafan, macaamiisha helay is dhaafsi muran la qareenka supermarket ee. Markii la waydiiyay aragtidiisa ku saabsan waxa sababay dhicidda naagta, ayaa macmiilka wuxuu ku marqaati kacay, ""Waxay ku dhacday sababtoo ah waxay ku dhacday baaldigii."" Si kastaba ha ahaatee, wuxuu ka qirtay baaritaan isdhaafsi ah inuusan si dhab ah u arkin gabadha oo baaldi ku safaraysa. Qareenka dukaanka ayaa intaa ka dib weydiiyay macaamilka su'aashan soo socota:""Haddii aadan arkin haweeneydii ku safartay baaldi, sidee ku ogaaneysaa in ay ku dhacday darteed?"" Macmiilkii ayaa ugu jawaabay, ""Maxaa yeelay, saaxiibteyda oo ila soo adeeganaysay ayaa ii sheegtay markii dambe inay aragtay gabadha oo baaldiga dul safartay."" Qareenka dukaanada ku dhaqaaqay in uu garaaco jawaabtii u danbeysay ee macaamiisha. Haddii garsooraha dacwaddu uu diido mooshinkii eedeysanaha iyo ogolaanshaha jawaabta macaamiisha in ay istaagto, waxay u badan tahay in ay noqon doonto sababtoo ah",jawaabta qofka macmiilka ah waxaa casuumay su'aasha qareenka dukaanka.,jawaabta macmiilka waxa uu ku salaysan yahay aqoonta koowaad.,jawaabta macmiilka wuxuu ahaa bayaan aragtida ugu danbeeyay.,jawaabta qofka macmiilka ahi waxay ahayd dareen macmiil ah oo la yiraahdo.,A
"Xoolo-dhaqade hadda waa milkiilaha kaydka dhul ah oo loo agaasay ""A"". waa midda sare ee laba guri oo deris ah oo buur ku wada yaallay. Beeraale ayaa ah milkiilaha beeraley ""B"" oo ku taalla meel ka hooseysa ""A"" oo ku taalla buurta dhinaceediisa. Sanadkii 2000, xoolo-dhaqatada, oo lahaa labada baac ee dhulkuu kala duwan yahay, wuxuu dhisay nidaam dheecaan-dhaamis oo gaar loo leeyahay. Nidaamkani wuxuu ka koobnaa dhuumo dhulka hoostiisa ah oo ku fidaya dhamaanba jaalliyadaha dhuleedba. Biyo-mareenka dhul-yar ""A"" ayaa ka soo go'ay nidaamkii oo gaaray bislaadda degmada, taasoo ku taallay meel hoos u dhexeysa buurta. Sanadkii 2005, xoolo-dhaqameedku wuxuu iibiyay beeraalaha qaybo ""B"" ah. Ficilkii beeraalaha loo sameeyay kuma jirin wax ka hadl ah wax hadal ah oo ku saabsan habka biyo-shubka xoolaha. Baakadahaas mid kasta oo ka mid ah waxay ku yaallaan guryo waaweyn oo qaab-dhismeedka beryda ah oo ay deggan yihiin milkiilayaasha iska leh. Muddooyinkii u dambeeyay, biyo-mareenka ayaa bilaabay in uu ku soo daadiyo ur aan wanaagsaneyn guud ahaan xirmooyinka ""B. "" Natiijadaasna waxay keentay in beeralaydu ay ku dacwoodaan beeraleyda in uu ku xadgudbo isagoo ku duceysanaya in waxyeelo ay sababto nidaamka biyo-shubka. Xukunku waa inuu ahaadaa waayo,","ganacsadaha, maxaa yeelay, ficilkii beerreydu ku sameeyey kuma jirin wax axdi ah oo xaddidaya isticmaalkii beerjirka ee dhulka.","beeralayda, sababtoo ah sababta saxda ah ee beeraalaha ayaa noqoneysa mid aad u dhib badan, halkii ay ka noqon lahayd xadgudubka.","beeraalaha, sababtoo ah nidaamka dheecaanku wuxuu ahaa sababta ugu dhow ee uu dacwad-ooguhu waxyeelada u geysanayo sida sharciga oo kale.","beerreyga, maxaa yeelay xoolojirku xaq uma uu lahayn inuu dhulkiisa ku hagaajiyo qaab uu mid kale waxyeello u gaystay.",B
"Haweeney da'adeeda oo 54 sano jir ah ayaa xafiiska timaada sababtoo ah waxaa ku dhacay toogasho goos goos ah oo ku dhacay daanka midigta iyo daanka intii lagu guda jiray 3dii usbuuc ee la soo dhaafay. Marxalad kasta oo xanuun ah waxa ay ku rafaataa 1 ilqadood ama ka yar. Xanuunkaan badanaa waxaa ka dhasha hawo qabow, cagajugid, dhiirigelin taabasho, ilkahana cadaydo. Iyadu wajiga ama madaxa wax taban kama ay gaarin. Taariikhda caafimaadku waxay cajiib u tahay xiisad-xanuunka, cayilnaanta, iyo qalliinka marinka gaastric-ka ah. Dhererkeedu waa 165 cm (5 ft 5 in) miisaankeeduna waa 62 kg (137 lb); BMI waa 23 kg / m2 . Astaamaha muhiimka ah waa caadi. Bukaanku uma dulqaadan karo in lala xiriiro dhinaca midig ee wajiga. Majiro tabarruc wajiga ah ama miyir beelid. Inta ka hartay baaritaanka jir ahaaneed wax cilad ah ma laha wax cilad ah. CT-da madaxa oo la isku shaandheyn karo iyo mid laʼaanteedba waxay muujineysaa wax cilado ah. Keeba kuwee kuwa soo socda ayaa ah daweynta ugu haboon ee farmashishiyaha xilligan?",Carbamazepine,Lamotrigine,Levetiracetam,Topiramate,A
Daraasado lagu sameeyay asbaabaha iskooloolajiyada Schizophrenia ayaa muujinaya u-qalmida hidde ee xaaladda balse arrimo kale ayaa ku lug leh. Aqoontaada mawduuca ka soo jeedaan waxay ka dhigtaa midda ka mid ah bayaanada soo socda ay khaldan tahay.,Xad-dhaafka dopamine ama dareenka dopamine waxay noqon kartaa arrin ka qayb qaadata.,Bukaanada caddaanka ahi waxay ku badan yihiin calaamadaha lagu garto.,Wax ka qabashada xaaladda adduunka sadexaad waa 65%.,Heerka hooseeya ee iskizophrenia ee laga helay dadka Ameerikaanka Afrika ah.,D
"Shaqaale ka tirsan shirkadaha waaweyn ee wax soo saara ayaa wuxuu u arkaa in shaqadu dullayso, uuna shaqada u raacsanayo oo keliya in lacag loo bixiyo. Qofka shaqaalaha ahi wax yar buu qabtaa, mana dhiiri galinayo marka uu soo saaro tiro aad u saraysa ama ka tayo fiican. Sida laga soo xigtay aragtida laba arrimood ee F. Herzberg, habka ugu fiican ee 10 waxay kordhiyaan is-dhiirigelinta shaqaalahan waxay noqon doontaa",bixiyaan kor u qaadista iyo mushaarka dhiirigelinta wax soo saarka ka weyn,dib-u-qaabeynta shaqada si loo helo caqabad iyo dareenka waxqabadka,kordhiyo fursadaha is dhexgalka bulshada ee la wargeliyay,inuu siiyo shaqaalaha tallooyin shaqo oo qaddar weyn leh,B
Mid ka mid ah kuwa soo socda ugu fiican ee qeexaya tilmaamaha anshaxa ee ku saabsan istiimada galmada ee macaamiisha daaweynta hore?,Dhakhaatiirta cilmu-nafsi yaqaanka waxaa laga mamnuucay in ay is-naceyb galmo la yeeshaan macaamiilkii hore ee daaweynta iyadoo la eegayo duruuf kasta.,Dhakhaatiirta cilmu-nafsi yaqaanka waxaa laga mamnuucay inay isbedel galmo la yeeshaan macaamiiladii hore ee daaweynta ugu yaraan hal sano ka dib marka ay joojiso daaweynta.,"Dhakhaatiirta cilmu-nafsi yaqaanada waxaa laga mamnuucay in ay isku-xiriir galmo la yeeshaan macaamiilkii hore ee daaweynta duruufaha qaarkood (tusaale ahaan, marka ay jirto khatar ah in khatar laga faa'iidaysto).",Dhakhaatiirta cilmu-nafsigu looma mamnuucay in ay isdhex galmo la yeeshaan macaamiilkii hore ee daaweynta therapy.,C
Cilmi baaris ku saabsan helitaanka luuqada labaad ayaa lagu sheegay kuwaan soo socda ee ku saabsan caruurta qaata luqada labaad,Horumarintooda garashada oo baaqday,Waxay leeyihiin articulation ka fiican carruurta ee aan labada luuqadoodle ahayn,Heerarka aqoontooda afka hooyo wax saameyn ah kuma laha helitaanka luqada labaad.,Waxay kordhiyeen dabacsanaanta garashada,D
Waa kuwee dhinacyada xiriirka dadweyne ay tahay inuu ku lug yeesho u-doodid?,Corporate,Xiriirka dhaqaalaha,Arrimaha bulshada,Ganacsiga si ganacsi,C
"Caalamiyaynta, sidee ugu habboon ee aynu u qeexi karnaa ereyga 'horumar'?","Ereyga horumar waxaa loola jeedaa xaaladda aadamiga ee ay ku jirto xorriyad ka taagan tahay cabsida iyo baahida; waxaa jira dhaqaale ku filan oo lagu waari karo nolosha, noloshanna waxay ka jiri kartaa xaalad aan ka madaxbaneyn khatarta ama halista loo garto ee ku saabsan kala go'adi lama filaan ah.","Si loo tixgeliyo in uu yahay mid horumarsan, waa in waddanku uu gaaray derajada dhaqaale iyo midda siyaasadeed ee nidaamka dowliga ah ee caalamka; shuruuda lagu kala saaro waxa ka kooban dowlad 'horumarsan' ayaa sidaa ku qeexan shuruudaha isdhexgalka nidaamkan.","Horumar waa hab wax looga qaban karo sinnaan la'aanta la socota caalamiyeynta neoliberal. Marka la eego macnahaan, horumarka waxa loola jeedaa awoodda dadweyne ama bulsho ay si wax ku ool ah uga faa'iideysan karaan khayraadka iyo in la kordhiyo waxtarka wax-soo-saarka iyo qaybinta, dhiirigelinta dakhli qaybsiga sinnaanta ku dhex jirta bulshada dhexdeeda.",Horumarinta bulsho waxaa loola jeedaa nidaamka qiimaynta fikradeed iyo anshaxa ee ay dadkeedu ku macaamilaan. Nidaamka caalamiga ah ee caalamigga ah ee caalamiga ah waxaa loola jeedaa ansixinta aragtida dimoqraadiga ah ee reer galbeedka ee liberal ah iyo dhaqaalaha suuqa xorta ah.,C
Keeba ugu fiican ee soo socda ayaa qeexaya Eurocentrism?,Eurocentrism waa qaabka falanqaynta taas oo bulshooyinka reer Yurub marka la barbar dhigo bulshooyinka aan Reer Yurub ahayn si ay u soo saaraan isbarbardhigga aan eexasho lahayn ee ah mudnaanta midba midkasta.,Eurocentrism waa qaab fikir ah oo qiimeynta iyo qiimeynta bulshooyinka aan Reer Yurub ahayn lagu jiheeyo marka loo eego male-awaalka dhaqameed iyo eexashada reer Yurub.,Eurocentrism waxaa lagu sharxayaa waxbarashooyinka ama shaqada cilmiyeedka ah oo tixgelinaya oo kaliya nidaamyada siyaasadeed ama mid dhaqaale ee Yurub.,Dhamaan fursadahan.,B
Waa kuwee aragtiyaha soo socda ee diiradda saara sida bulshadu u maarayso inay fuliso hawlaha lagama maarmaanka u ah ilaalinta nidaamka iyo xasilloonida?,Functionalism,Interactionism,aragti macquul ah-doorashada,aragtida khilaafka,A
Keebaan soo socdaa oo ah dukumenti shakhsiyadeed oo leh marin xiran?,dawladda 'warqad cad',diiwaanada caafimaad ee qarsoodi ah,Buugga account qoyska,diiwaanka saamiyada ee shirkadda,C
Midkee ayaa qodobbada soo socda taageeraya doodda loo marayo unilateralism ameerika?,Benevolent hegemony,Ineffectiveness of multilateralism,awoodda American,Dhammaan kor ku xusan,D
Waa maxay cudurka ay fayrusyada herpes-ku keeni waayaan?,Curyaannimo infantile,Encephalitis,Cudurka galmada,Kansarka,A
Ujeedada daraasad laba indhoole ah ama laba waji waji leh oo daboolan waa in:,Gaari isbarbardhigga maadooyinka la daweeyey iyo kuwa aan la daaweynba,Yareeyo saamaynta kala duwanaansho sampling,Iska ilaali kormeere iyo maadadda bias,Ka fogow eexda kormeeraha iyo kala duwanaanshaha sampling,B
 Qoraalka classic Daodejing waxaa loo yaqaanaa by waxa horyaalka ee English?,Classic of Changes,Classic of Jidka iyo Power ah,Classic of Women,Classic of Philosophy,B
 Communidades de Base ayaa lala xiriiriyaa kee oo ka mid ah kuwa soo socda?,Bishop Oscar Romero,Resistance iyo cusboonaysiinta,Sharafta dhamaan dadka,Dhammaan kor ku xusan,D
Xeer-ilaaliyaha Guud waa madaxa midkee oo ka mid ah hay'adahan soo socda?,Guddiga Garsoorka ee Golaha Guurtida,The Department of Justice,The Department of State,Garsooraha u dooda ee General's Corps,B
The khadadka beerta magnetic oo ku saabsan foomka a hadda silig-sidaya,circles,khadadka radial,hadda eddy,tamarta looxyada,A
Ereyga 'chili con carne' waxaa loola jeedaa suugo'yo leh waxa?,badars,hilibd,kaas,jajabadaha chili,B
Midkee ayaa si fiican u sharaxaya xaaladda ka dib markii qiimaha kor loo qaaday on badeecada uu leeyahay baahida aan loo meelayn?,Tirada loo dalbaday isma bedeli doonto.,Tirada loo dalbaday ayaa kordhaysa.,Dakhliga guud wuu yaraanayaa.,Dakhliga guud waxba kama bedeli doono.,A
