FileName,Score
questions_uk.csv,0.87
questions_sr.csv,0.85
questions_ca.csv,0.84
questions_cs.csv,0.84
questions_en.csv,0.84
questions_mk.csv,0.84
questions_nl.csv,0.84
questions_sk.csv,0.84
questions_sq.csv,0.84
questions_eu.csv,0.83
questions_ga.csv,0.83
questions_it.csv,0.83
questions_lv.csv,0.83
questions_ro.csv,0.83
questions_sv.csv,0.83
questions_th.csv,0.83
questions_cy.csv,0.82
questions_da.csv,0.82
questions_fi.csv,0.82
questions_pl.csv,0.82
questions_zu.csv,0.82
questions_el.csv,0.81
questions_hy.csv,0.81
questions_ja.csv,0.81
questions_tk.csv,0.81
questions_bs.csv,0.8
questions_de.csv,0.8
questions_es.csv,0.8
questions_hr.csv,0.8
questions_hu.csv,0.8
questions_nb.csv,0.8
questions_tr.csv,0.8
questions_ar.csv,0.79
questions_ba.csv,0.79
questions_fr.csv,0.79
questions_gu.csv,0.79
questions_af.csv,0.78
questions_bn.csv,0.78
questions_id.csv,0.78
questions_mt.csv,0.78
questions_pt.csv,0.78
questions_ru.csv,0.78
questions_vi.csv,0.78
questions_bg.csv,0.77
questions_et.csv,0.77
questions_fa.csv,0.77
questions_ko.csv,0.77
questions_lt.csv,0.77
questions_mg.csv,0.77
questions_he.csv,0.76
questions_is.csv,0.76
questions_kn.csv,0.76
questions_lug.csv,0.76
questions_xh.csv,0.76
questions_ht.csv,0.75
questions_mr.csv,0.75
questions_sl.csv,0.75
questions_st.csv,0.75
questions_te.csv,0.75
questions_uz.csv,0.75
questions_gl.csv,0.74
questions_ig.csv,0.74
questions_ms.csv,0.74
questions_rw.csv,0.74
questions_az.csv,0.73
questions_hi.csv,0.73
questions_kk.csv,0.73
questions_ky.csv,0.73
questions_ln.csv,0.73
questions_ne.csv,0.73
questions_sw.csv,0.73
questions_ur.csv,0.73
questions_ka.csv,0.72
questions_mn.csv,0.72
questions_so.csv,0.72
questions_tt.csv,0.72
questions_zh.csv,0.72
questions_yo.csv,0.71
questions_am.csv,0.7
questions_ha.csv,0.7
questions_ku.csv,0.7
questions_as.csv,0.69
questions_ks.csv,0.68
questions_my.csv,0.68
questions_si.csv,0.68
questions_ta.csv,0.68
questions_pa.csv,0.66
questions_ml.csv,0.65
questions_ps.csv,0.64
questions_to.csv,0.62
questions_km.csv,0.61
questions_lo.csv,0.61
questions_sd.csv,0.61
questions_sm.csv,0.61
questions_or.csv,0.6
questions_ti.csv,0.6
questions_mi.csv,0.59
questions_dv.csv,0.57
questions_bo.csv,0.53